{"cameraMode":{"drawMode":0,"name":"Shaded","section":"Shading Mode"},"sceneLighting":true,"audioPlay":false,"sceneViewState":{"m_AlwaysRefresh":false,"showFog":true,"showSkybox":true,"showFlares":true,"showImageEffects":true,"showParticleSystems":true,"showVisualEffectGraphs":true,"m_FxEnabled":true},"in2DMode":false,"pivot":{"x":1.1758042573928834,"y":3.7509167194366457,"z":-0.09366831183433533},"rotation":{"x":0.027114106342196466,"y":-0.9390034079551697,"z":0.3345966935157776,"w":0.07603032886981964},"size":1.7611335515975953,"orthographic":false}