{"count":1,"self":1084.9045504,"total":6810.7197673,"children":{"InitializeActuators":{"count":20,"self":0.0009903,"total":0.0009903,"children":null},"InitializeSensors":{"count":20,"self":0.0040157,"total":0.0040157,"children":null},"AgentSendState":{"count":2739626,"self":2061.1586048,"total":2148.0995316999997,"children":{"CollectObservations":{"count":6024348,"self":14.880249599999999,"total":14.880249699999998,"children":null},"WriteActionMask":{"count":6024348,"self":2.3007936,"total":2.3007936,"children":null},"RequestDecision":{"count":6024348,"self":6.6153996,"total":69.7598793,"children":{"AgentInfo.ToProto":{"count":545088,"self":3.6159136,"total":63.1444798,"children":{"GenerateSensorData":{"count":545088,"self":9.2019712,"total":59.528566299999994,"children":{"CameraSensor.GetCompressedObservation":{"count":545088,"self":50.3265952,"total":50.3265951,"children":null}}}}}}}}},"DecideAction":{"count":2739626,"self":3558.2676991999997,"total":3558.2677553999997,"children":null},"AgentAct":{"count":2739626,"self":17.435584,"total":17.435583599999998,"children":null},"AgentInfo.ToProto":{"count":18266,"self":0.139372,"total":2.0063255,"children":{"GenerateSensorData":{"count":18266,"self":0.3151154,"total":1.8669535,"children":{"CameraSensor.GetCompressedObservation":{"count":18266,"self":1.5518380999999999,"total":1.5518380999999999,"children":null}}}}}},"gauges":{"Overlord.CumulativeReward":{"count":18266,"max":57.570507,"min":-29.9702721,"runningAverage":-26.25435,"value":-29.5985489,"weightedAverage":-21.7078114}},"metadata":{"timer_format_version":"0.1.0","start_time_seconds":"1735506420","unity_version":"6000.0.29f1","command_line_arguments":"C:\\Program Files\\Unity\\Hub\\Editor\\6000.0.29f1\\Editor\\Unity.exe -projectpath C:\\Users\\reidj\\Git Projects\\Rekabsnasium\\Rekabnasium -useHub -hubIPC -cloudEnvironment production","communication_protocol_version":"1.5.0","com.unity.ml-agents_version":"3.0.0","scene_name":"3DTarget_Overlord_FPV","end_time_seconds":"1735513231"}}