{"count":1,"self":3261.9708416,"total":20181.6761993,"children":{"InitializeActuators":{"count":20,"self":0.0005417,"total":0.0005417,"children":null},"InitializeSensors":{"count":20,"self":0.0041329999999999995,"total":0.0041329999999999995,"children":null},"AgentSendState":{"count":8205403,"self":5756.1034752,"total":6007.1416359999994,"children":{"CollectObservations":{"count":18020950,"self":44.3601824,"total":44.3601813,"children":null},"WriteActionMask":{"count":18020950,"self":7.329164,"total":7.3291638999999993,"children":null},"RequestDecision":{"count":18020950,"self":19.151094399999998,"total":199.3486835,"children":{"AgentInfo.ToProto":{"count":1610140,"self":11.2581352,"total":180.19758969999998,"children":{"GenerateSensorData":{"count":1610140,"self":27.418447999999998,"total":168.9394546,"children":{"CameraSensor.GetCompressedObservation":{"count":1610140,"self":141.5210112,"total":141.52100529999998,"children":null}}}}}}}}},"DecideAction":{"count":8205403,"self":10847.7792256,"total":10847.779041099999,"children":null},"AgentAct":{"count":8205403,"self":53.8889408,"total":53.8889381,"children":null},"AgentInfo.ToProto":{"count":109400,"self":0.7059691,"total":10.8910661,"children":{"GenerateSensorData":{"count":109400,"self":1.4707922999999998,"total":10.185096999999999,"children":{"CameraSensor.GetCompressedObservation":{"count":109400,"self":8.714304799999999,"total":8.7143047,"children":null}}}}}},"gauges":{"Overlord.CumulativeReward":{"count":109400,"max":4.986477,"min":-14.9874983,"runningAverage":-7.17133141,"value":-2.34634781,"weightedAverage":-3.56278753}},"metadata":{"timer_format_version":"0.1.0","start_time_seconds":"1735433003","unity_version":"6000.0.29f1","command_line_arguments":"C:\\Program Files\\Unity\\Hub\\Editor\\6000.0.29f1\\Editor\\Unity.exe -projectpath C:\\Users\\reidj\\Git Projects\\Rekabsnasium\\Rekabnasium -useHub -hubIPC -cloudEnvironment production","communication_protocol_version":"1.5.0","com.unity.ml-agents_version":"3.0.0","scene_name":"3DTarget_Overlord_FPV","end_time_seconds":"1735453185"}}