{"count":1,"self":68.4902528,"total":197.25963109999998,"children":{"InitializeActuators":{"count":10,"self":0.0009988,"total":0.0009988,"children":null},"InitializeSensors":{"count":10,"self":0.0015377,"total":0.0015377,"children":null},"AgentSendState":{"count":155734,"self":0.76049099999999992,"total":3.0666243,"children":{"CollectObservations":{"count":311470,"self":0.2272565,"total":0.2272565,"children":null},"WriteActionMask":{"count":311470,"self":0.091685099999999992,"total":0.091685099999999992,"children":null},"RequestDecision":{"count":311470,"self":0.4686516,"total":1.9871917,"children":{"AgentInfo.ToProto":{"count":311470,"self":0.5820732,"total":1.5185400999999998,"children":{"GenerateSensorData":{"count":311470,"self":0.9364669,"total":0.9364669,"children":null}}}}}}},"DecideAction":{"count":155734,"self":124.76744959999999,"total":124.7674469,"children":null},"AgentAct":{"count":155734,"self":0.922936,"total":0.922936,"children":null},"AgentInfo.ToProto":{"count":2030,"self":0.005902,"total":0.0098351999999999988,"children":{"GenerateSensorData":{"count":2030,"self":0.0039331999999999995,"total":0.0039331999999999995,"children":null}}}},"gauges":{"ReachTarget.CumulativeReward":{"count":2030,"max":12.9681864,"min":9.205484,"runningAverage":11.3057032,"value":11.6356726,"weightedAverage":11.3922234}},"metadata":{"timer_format_version":"0.1.0","start_time_seconds":"1732923396","unity_version":"2022.3.19f1","command_line_arguments":"C:\\Program Files\\Unity\\Hub\\Editor\\2022.3.19f1\\Editor\\Unity.exe -projectpath C:\\Users\\reidj\\Unity Projects\\Rekabnasium -useHub -hubIPC -cloudEnvironment production -licensingIpc LicenseClient-reidj -hubSessionId 28e3a211-839a-438f-9313-85554fe788b4 -accessToken DfeA2wfOzAQj6sDPBAu2cQ39rLTCqxuED1GS_SRLqkA002f","communication_protocol_version":"1.5.0","com.unity.ml-agents_version":"2.0.1","scene_name":"SampleScene","end_time_seconds":"1732923594"}}